order_id,assignment_id,user_id,assistment_id,problem_id,original,correct,attempt_count,ms_first_response,tutor_mode,answer_type,sequence_id,student_class_id,position,type,base_sequence_id,skill_id,skill_name,teacher_id,school_id,hint_count,hint_total,overlap_time,template_id,answer_id,answer_text,first_action,bottom_hint,opportunity,opportunity_original
35450204,220674,70363,33159,51444,1,0,2,25390,tutor,algebra,5948,11816,22,MasterySection,5948,1,Box and Whisker,22763,73,0,3,42000,30799,,88,0,,1,1
35450295,220674,70363,33110,51395,1,1,1,4859,tutor,algebra,5948,11816,22,MasterySection,5948,1,Box and Whisker,22763,73,0,3,4859,30059,,41,0,,2,2
35450311,220674,70363,33196,51481,1,0,14,19813,tutor,algebra,5948,11816,22,MasterySection,5948,1,Box and Whisker,22763,73,3,4,124564,30060,,65,0,0,3,3
35450555,220674,70363,33172,51457,1,1,1,16031,tutor,algebra,5948,11816,22,MasterySection,5948,1,Box and Whisker,22763,73,0,4,16031,30060,,12,0,,4,4
35450573,220674,70363,33174,51459,1,1,1,15047,tutor,algebra,5948,11816,22,MasterySection,5948,1,Box and Whisker,22763,73,0,4,15047,30060,,6,0,,5,5
35480603,220674,70363,33123,51408,1,1,1,10732,tutor,algebra,5948,11816,22,MasterySection,5948,1,Box and Whisker,22763,73,0,3,10732,30059,,55,0,,6,6
33392795,277618,70729,33169,51454,1,0,2,12898,tutor,algebra,5948,13241,126,MasterySection,5948,1,Box and Whisker,22763,73,0,4,27650,30060,,14,0,,1,1
33392817,277618,70729,33175,51460,1,1,1,10955,tutor,algebra,5948,13241,126,MasterySection,5948,1,Box and Whisker,22763,73,0,4,10955,30060,,6,0,,2,2
33392838,277618,70729,33140,51425,1,0,2,27857,tutor,algebra,5948,13241,126,MasterySection,5948,1,Box and Whisker,22763,73,3,3,39933,30799,,16,0,1,3,3
33392907,277618,70729,33183,51468,1,1,1,13479,tutor,algebra,5948,13241,126,MasterySection,5948,1,Box and Whisker,22763,73,0,4,13479,30060,,16,0,,4,4
33392928,277618,70729,33115,51400,1,1,1,5385,tutor,algebra,5948,13241,126,MasterySection,5948,1,Box and Whisker,22763,73,0,3,5385,30059,,77,0,,5,5
35222057,277618,70699,33145,51430,1,1,1,38860,tutor,algebra,5948,13241,126,MasterySection,5948,1,Box and Whisker,22763,73,0,3,38860,30799,,66,0,,1,1
35222063,277618,70699,33151,51436,1,1,1,6249,tutor,algebra,5948,13241,126,MasterySection,5948,1,Box and Whisker,22763,73,0,3,6249,30799,,46,0,,2,2
35517370,282727,71179,33112,51397,1,1,1,6641,tutor,algebra,5948,12473,1,MasterySection,5948,1,Box and Whisker,24116,76,0,2,6641,30059,,36,0,,1,1
35517388,282727,71179,33136,51421,1,1,1,6751,tutor,algebra,5948,12473,1,MasterySection,5948,1,Box and Whisker,24116,76,0,3,6751,30059,,47,0,,2,2
35517942,282727,71205,33137,51422,1,1,1,15895,tutor,algebra,5948,12473,1,MasterySection,5948,1,Box and Whisker,24116,76,0,3,15895,30799,,36,0,,1,1
35517992,282727,71205,33157,51442,1,1,1,5949,tutor,algebra,5948,12473,1,MasterySection,5948,1,Box and Whisker,24116,76,0,3,5949,30799,,47,0,,2,2
35305403,220655,70363,31398,47068,1,0,1,24906,tutor,algebra,5898,11816,3,MasterySection,5898,2,Circle Graph,22763,73,4,4,66390,30037,,,1,1,1,1
35305686,220655,70363,31403,47081,1,0,1,55499,tutor,algebra,5898,11816,3,MasterySection,5898,2,Circle Graph,22763,73,0,0,55499,30038,,,2,,2,2
35306351,220655,70363,31374,47044,1,0,2,43016,tutor,algebra,5898,11816,3,MasterySection,5898,2,Circle Graph,22763,73,0,4,72578,30037,,52,0,,3,3
35306712,220655,70363,36845,57716,1,1,1,73500,tutor,algebra,5898,11816,3,MasterySection,5898,2,Circle Graph,22763,73,0,0,73500,30397,,900,0,,4,4
35307058,220655,70363,36823,57650,1,0,1,35562,tutor,algebra,5898,11816,3,MasterySection,5898,2,Circle Graph,22763,73,0,0,35562,30397,,,2,,5,5
35384917,220655,70363,31412,47108,1,1,1,71336,tutor,algebra,5898,11816,3,MasterySection,5898,2,Circle Graph,22763,73,0,0,71336,30038,,74,0,,6,6
35385665,220655,70363,36841,57704,1,1,1,66070,tutor,algebra,5898,11816,3,MasterySection,5898,2,Circle Graph,22763,73,0,0,66070,30397,,300,0,,7,7
35397317,220665,70363,36821,57644,1,1,1,30345,tutor,algebra,5916,11816,13,MasterySection,5916,2,Circle Graph,22763,73,0,0,30345,30397,,300,0,,8,8
35397465,220665,70363,36845,57716,1,1,1,55486,tutor,algebra,5916,11816,13,MasterySection,5916,2,Circle Graph,22763,73,0,0,55486,30397,,900,0,,9,9
32415856,277619,70699,53428,93399,1,0,17,19656,tutor,algebra,7118,13241,127,MasterySection,7118,2,Circle Graph,22763,73,2,2,220678,52570,,170,0,1,1,1
32416156,277619,70699,53434,93405,1,0,3,21053,tutor,algebra,7118,13241,127,MasterySection,7118,2,Circle Graph,22763,73,2,2,174159,52570,,36.8,0,1,2,2
32416348,277619,70699,53417,93388,1,0,1,25172,tutor,algebra,7118,13241,127,MasterySection,7118,2,Circle Graph,22763,73,2,2,42254,52570,,,1,1,3,3
32002674,270591,70740,52642,92322,1,1,1,94197,tutor,algebra,6850,11816,165,MasterySection,6850,2,Circle Graph,22763,73,0,3,94197,30037,,44,0,,1,1
32002752,270591,70740,52654,92334,1,0,3,23324,tutor,algebra,6850,11816,165,MasterySection,6850,2,Circle Graph,22763,73,0,3,30984,30037,,77.6,0,,2,2
32002880,270591,70740,52667,92347,1,1,1,22158,tutor,algebra,6850,11816,165,MasterySection,6850,2,Circle Graph,22763,73,0,3,22158,30037,,57,0,,3,3
22044020,263981,71066,53412,93383,1,1,1,135952,tutor,algebra,7708,12340,14,MasterySection,7118,2,Circle Graph,11804,76,0,2,135952,52570,,82.8,0,,1,1
22044711,263981,71066,53443,93414,1,1,1,38985,tutor,algebra,7708,12340,14,MasterySection,7118,2,Circle Graph,11804,76,0,2,38985,52570,,32.4,0,,2,2
22044889,263981,71066,53439,93410,1,1,1,19391,tutor,algebra,7708,12340,14,MasterySection,7118,2,Circle Graph,11804,76,0,2,19391,52570,,97.2,0,,3,3
22045037,263982,71066,36821,57644,1,1,1,36375,tutor,algebra,7711,12340,15,MasterySection,5916,2,Circle Graph,11804,76,0,0,36375,30397,,300,0,,4,4
22045243,263982,71066,37065,58542,1,0,1,50359,tutor,algebra,7711,12340,15,MasterySection,5916,2,Circle Graph,11804,76,0,0,50437,30790,,14,0,,5,5
22045644,263982,71066,36824,57653,1,0,1,71734,tutor,algebra,7711,12340,15,MasterySection,5916,2,Circle Graph,11804,76,0,0,71796,30397,,908,0,,6,6
22046470,263982,71066,37070,58557,1,0,1,46093,tutor,algebra,7711,12340,15,MasterySection,5916,2,Circle Graph,11804,76,0,0,46156,30790,,2.8,0,,7,7
22046816,263982,71066,37063,58536,1,0,1,22422,tutor,algebra,7711,12340,15,MasterySection,5916,2,Circle Graph,11804,76,0,0,22485,30790,,36,0,,8,8
35449230,220673,70363,33093,51378,1,0,2,55329,tutor,fill_in_1,5947,11816,21,MasterySection,5947,4,Histogram as Table or Graph,22763,73,4,4,138048,32452,,,1,1,1,1
35449642,220673,70363,33031,51316,1,0,2,63328,tutor,fill_in_1,5947,11816,21,MasterySection,5947,4,Histogram as Table or Graph,22763,73,0,4,76875,32117,,80,0,,2,2
35449882,220673,70363,33047,51332,1,1,1,10875,tutor,fill_in_1,5947,11816,21,MasterySection,5947,4,Histogram as Table or Graph,22763,73,0,4,10875,32360,,20,0,,3,3
35449901,220673,70363,33091,51376,1,1,1,30906,tutor,fill_in_1,5947,11816,21,MasterySection,5947,4,Histogram as Table or Graph,22763,73,0,4,30906,32452,,75,0,,4,4
35450014,220673,70363,33071,51356,1,1,1,37063,tutor,fill_in_1,5947,11816,21,MasterySection,5947,4,Histogram as Table or Graph,22763,73,0,4,37063,32455,,73,0,,5,5
35526865,220683,70363,35912,56108,1,0,2,15063,tutor,algebra,5976,11816,31,MasterySection,5976,5,Number Line,22763,73,4,4,247042,32884,,,1,1,1,1
35527277,220683,70363,35856,56052,1,0,3,98091,tutor,algebra,5976,11816,31,MasterySection,5976,5,Number Line,22763,73,0,4,123074,31681,,1,0,,2,2
35527546,220683,70363,35909,56105,1,0,2,71950,tutor,algebra,5976,11816,31,MasterySection,5976,5,Number Line,22763,73,0,4,77606,32884,,1,0,,3,3
35527698,220683,70363,35858,56054,1,0,2,41200,tutor,algebra,5976,11816,31,MasterySection,5976,5,Number Line,22763,73,0,4,49371,31681,,4,0,,4,4
35527814,220683,70363,35880,56076,1,0,2,50043,tutor,algebra,5976,11816,31,MasterySection,5976,5,Number Line,22763,73,0,4,69495,31682,,2,0,,5,5
35528578,220684,70363,36002,56198,1,0,1,10910,tutor,algebra,5977,11816,32,MasterySection,5977,5,Number Line,22763,73,3,5,116362,32883,,,1,0,6,6
35687767,220683,70363,35793,55989,1,1,1,152070,tutor,algebra,5976,11816,31,MasterySection,5976,5,Number Line,22763,73,0,4,152070,31459,,1,0,,7,7
35688138,220684,70363,35997,56193,1,0,2,149966,tutor,algebra,5977,11816,32,MasterySection,5977,5,Number Line,22763,73,3,5,233702,32883,,3,0,0,8,8
35688348,220684,70363,35995,56191,1,1,1,215395,tutor,algebra,5977,11816,32,MasterySection,5977,5,Number Line,22763,73,0,5,215395,32883,,3,0,,9,9
35688490,220684,70363,35989,56185,1,1,1,80639,tutor,algebra,5977,11816,32,MasterySection,5977,5,Number Line,22763,73,0,5,80639,32883,,3,0,,10,10
35688520,220684,70363,35975,56171,1,0,8,98266,tutor,algebra,5977,11816,32,MasterySection,5977,5,Number Line,22763,73,0,5,151191,31683,,4,0,,11,11
